-- phpMyAdmin SQL Dump
-- version 4.5.1
-- http://www.phpmyadmin.net
--
-- Host: 127.0.0.1
-- Generation Time: Feb 19, 2017 at 08:50 AM
-- Server version: 10.1.16-MariaDB
-- PHP Version: 7.0.9

SET SQL_MODE = "NO_AUTO_VALUE_ON_ZERO";
SET time_zone = "+00:00";


/*!40101 SET @OLD_CHARACTER_SET_CLIENT=@@CHARACTER_SET_CLIENT */;
/*!40101 SET @OLD_CHARACTER_SET_RESULTS=@@CHARACTER_SET_RESULTS */;
/*!40101 SET @OLD_COLLATION_CONNECTION=@@COLLATION_CONNECTION */;
/*!40101 SET NAMES utf8mb4 */;

--
-- Database: `depot`
--

-- --------------------------------------------------------

--
-- Table structure for table `golongans`
--

CREATE TABLE `golongans` (
  `id` int(10) UNSIGNED NOT NULL,
  `Kode_golongan` varchar(255) COLLATE utf8mb4_unicode_ci NOT NULL,
  `Nama_golongan` varchar(255) COLLATE utf8mb4_unicode_ci NOT NULL,
  `Besaran_uang` int(11) NOT NULL,
  `created_at` timestamp NULL DEFAULT NULL,
  `updated_at` timestamp NULL DEFAULT NULL
) ENGINE=InnoDB DEFAULT CHARSET=utf8mb4 COLLATE=utf8mb4_unicode_ci;

--
-- Dumping data for table `golongans`
--

INSERT INTO `golongans` (`id`, `Kode_golongan`, `Nama_golongan`, `Besaran_uang`, `created_at`, `updated_at`) VALUES
(1, 'KG01', 'Senior', 500000, '2017-02-08 02:12:26', '2017-02-15 18:37:58'),
(2, 'KG02', 'Middle', 350000, '2017-02-08 21:25:19', '2017-02-15 18:38:25'),
(3, 'KG03', 'Junior', 200000, '2017-02-10 00:19:29', '2017-02-15 18:38:51');

-- --------------------------------------------------------

--
-- Table structure for table `jabatans`
--

CREATE TABLE `jabatans` (
  `id` int(10) UNSIGNED NOT NULL,
  `Kode_jabatan` varchar(255) COLLATE utf8mb4_unicode_ci NOT NULL,
  `Nama_jabatan` varchar(255) COLLATE utf8mb4_unicode_ci NOT NULL,
  `Besaran_uang` int(11) NOT NULL,
  `created_at` timestamp NULL DEFAULT NULL,
  `updated_at` timestamp NULL DEFAULT NULL
) ENGINE=InnoDB DEFAULT CHARSET=utf8mb4 COLLATE=utf8mb4_unicode_ci;

--
-- Dumping data for table `jabatans`
--

INSERT INTO `jabatans` (`id`, `Kode_jabatan`, `Nama_jabatan`, `Besaran_uang`, `created_at`, `updated_at`) VALUES
(1, 'JB01', 'Manager', 8000000, '2017-02-08 02:12:17', '2017-02-10 00:18:42'),
(2, 'JB02', 'Staff', 6000000, '2017-02-08 21:24:44', '2017-02-08 21:24:44');

-- --------------------------------------------------------

--
-- Table structure for table `kategori_lemburs`
--

CREATE TABLE `kategori_lemburs` (
  `id` int(10) UNSIGNED NOT NULL,
  `Kode_lembur` varchar(255) COLLATE utf8mb4_unicode_ci NOT NULL,
  `jabatan_id` int(10) UNSIGNED NOT NULL,
  `golongan_id` int(10) UNSIGNED NOT NULL,
  `Besaran_uang` int(11) NOT NULL,
  `created_at` timestamp NULL DEFAULT NULL,
  `updated_at` timestamp NULL DEFAULT NULL
) ENGINE=InnoDB DEFAULT CHARSET=utf8mb4 COLLATE=utf8mb4_unicode_ci;

--
-- Dumping data for table `kategori_lemburs`
--

INSERT INTO `kategori_lemburs` (`id`, `Kode_lembur`, `jabatan_id`, `golongan_id`, `Besaran_uang`, `created_at`, `updated_at`) VALUES
(1, 'KL01', 1, 1, 15000, '2017-02-08 02:12:36', '2017-02-15 18:41:02'),
(2, 'KL02', 1, 2, 7000, '2017-02-08 21:26:27', '2017-02-15 18:41:27'),
(3, 'KL03', 1, 3, 5000, '2017-02-15 18:42:19', '2017-02-15 18:42:19'),
(4, 'KL04', 2, 1, 15000, '2017-02-15 18:47:11', '2017-02-15 18:47:11'),
(5, 'KL05', 2, 2, 7000, '2017-02-15 18:47:36', '2017-02-15 18:47:36');

-- --------------------------------------------------------

--
-- Table structure for table `lembur_pegawais`
--

CREATE TABLE `lembur_pegawais` (
  `id` int(10) UNSIGNED NOT NULL,
  `Kode_lembur_id` int(10) UNSIGNED NOT NULL,
  `pegawai_id` int(10) UNSIGNED NOT NULL,
  `Jumlah_jam` int(11) NOT NULL,
  `created_at` timestamp NULL DEFAULT NULL,
  `updated_at` timestamp NULL DEFAULT NULL
) ENGINE=InnoDB DEFAULT CHARSET=utf8mb4 COLLATE=utf8mb4_unicode_ci;

--
-- Dumping data for table `lembur_pegawais`
--

INSERT INTO `lembur_pegawais` (`id`, `Kode_lembur_id`, `pegawai_id`, `Jumlah_jam`, `created_at`, `updated_at`) VALUES
(7, 5, 6, 3, '2017-02-08 23:04:09', '2017-02-15 19:11:51');

-- --------------------------------------------------------

--
-- Table structure for table `migrations`
--

CREATE TABLE `migrations` (
  `id` int(10) UNSIGNED NOT NULL,
  `migration` varchar(255) COLLATE utf8mb4_unicode_ci NOT NULL,
  `batch` int(11) NOT NULL
) ENGINE=InnoDB DEFAULT CHARSET=utf8mb4 COLLATE=utf8mb4_unicode_ci;

--
-- Dumping data for table `migrations`
--

INSERT INTO `migrations` (`id`, `migration`, `batch`) VALUES
(1, '2014_10_12_000000_create_users_table', 1),
(2, '2014_10_12_100000_create_password_resets_table', 1),
(3, '2017_02_02_035644_create_jabatans_table', 1),
(4, '2017_02_02_040044_create_golongans_table', 1),
(5, '2017_02_02_041541_create_kategori_lemburs_table', 1),
(6, '2017_02_02_042402_create_pegawais_table', 1),
(7, '2017_02_02_043203_create_lembur_pegawais_table', 1),
(8, '2017_02_02_043214_create_tunjangans_table', 1),
(9, '2017_02_02_043225_create_tunjangan_pegawais_table', 1),
(10, '2017_02_02_043244_create_penggajians_table', 1);

-- --------------------------------------------------------

--
-- Table structure for table `password_resets`
--

CREATE TABLE `password_resets` (
  `email` varchar(100) COLLATE utf8mb4_unicode_ci NOT NULL,
  `token` varchar(100) COLLATE utf8mb4_unicode_ci NOT NULL,
  `created_at` timestamp NULL DEFAULT NULL
) ENGINE=InnoDB DEFAULT CHARSET=utf8mb4 COLLATE=utf8mb4_unicode_ci;

-- --------------------------------------------------------

--
-- Table structure for table `pegawais`
--

CREATE TABLE `pegawais` (
  `id` int(10) UNSIGNED NOT NULL,
  `Nip` varchar(100) COLLATE utf8mb4_unicode_ci NOT NULL,
  `user_id` int(10) UNSIGNED NOT NULL,
  `jabatan_id` int(10) UNSIGNED NOT NULL,
  `golongan_id` int(10) UNSIGNED NOT NULL,
  `Photo` varchar(255) COLLATE utf8mb4_unicode_ci NOT NULL,
  `created_at` timestamp NULL DEFAULT NULL,
  `updated_at` timestamp NULL DEFAULT NULL
) ENGINE=InnoDB DEFAULT CHARSET=utf8mb4 COLLATE=utf8mb4_unicode_ci;

--
-- Dumping data for table `pegawais`
--

INSERT INTO `pegawais` (`id`, `Nip`, `user_id`, `jabatan_id`, `golongan_id`, `Photo`, `created_at`, `updated_at`) VALUES
(6, '900000', 27, 2, 2, 'RNOAc2_tumblr_o938udbmbu1ugp61po1_500.gif', '2017-02-08 20:45:56', '2017-02-15 23:49:00'),
(7, '3345', 30, 2, 3, 'mtZgHk_IMG_20161205_132222.jpg', '2017-02-10 20:37:02', '2017-02-10 20:37:02'),
(10, '10907860', 34, 2, 2, '963fbb1cc771e14f64259f174e269899.jpg', '2017-02-15 19:40:50', '2017-02-16 01:22:37'),
(13, '9099', 40, 1, 1, 'd0a1aedc8b3c9bb9eb528cfc1f16107b.png', '2017-02-18 21:31:38', '2017-02-18 21:31:38');

-- --------------------------------------------------------

--
-- Table structure for table `penggajians`
--

CREATE TABLE `penggajians` (
  `id` int(10) UNSIGNED NOT NULL,
  `tunjangan_pegawai_id` int(10) UNSIGNED NOT NULL,
  `Jumlah_jam_lembur` int(11) NOT NULL,
  `Jumlah_uang_lembur` int(11) NOT NULL,
  `Gaji_pokok` int(11) NOT NULL,
  `Total_gaji` int(11) NOT NULL,
  `Tanggal_pengambilan` date NOT NULL,
  `Status_pengambilan` tinyint(4) NOT NULL,
  `Petugas_penerima` varchar(255) COLLATE utf8mb4_unicode_ci NOT NULL,
  `created_at` timestamp NULL DEFAULT NULL,
  `updated_at` timestamp NULL DEFAULT NULL
) ENGINE=InnoDB DEFAULT CHARSET=utf8mb4 COLLATE=utf8mb4_unicode_ci;

-- --------------------------------------------------------

--
-- Table structure for table `tunjangans`
--

CREATE TABLE `tunjangans` (
  `id` int(10) UNSIGNED NOT NULL,
  `Kode_tunjangan` varchar(255) COLLATE utf8mb4_unicode_ci NOT NULL,
  `jabatan_id` int(10) UNSIGNED NOT NULL,
  `golongan_id` int(10) UNSIGNED NOT NULL,
  `Status` varchar(255) COLLATE utf8mb4_unicode_ci NOT NULL,
  `Jumlah_anak` int(11) NOT NULL,
  `Besaran_uang` int(11) NOT NULL,
  `created_at` timestamp NULL DEFAULT NULL,
  `updated_at` timestamp NULL DEFAULT NULL
) ENGINE=InnoDB DEFAULT CHARSET=utf8mb4 COLLATE=utf8mb4_unicode_ci;

--
-- Dumping data for table `tunjangans`
--

INSERT INTO `tunjangans` (`id`, `Kode_tunjangan`, `jabatan_id`, `golongan_id`, `Status`, `Jumlah_anak`, `Besaran_uang`, `created_at`, `updated_at`) VALUES
(1, 'TJ01', 1, 1, 'Menikah', 3, 6000000, '2017-02-09 21:25:06', '2017-02-15 19:27:00'),
(2, 'TJ02', 1, 2, 'Menikah', 2, 5000000, '2017-02-10 00:36:47', '2017-02-15 19:27:55'),
(3, 'TJ03', 1, 3, 'Menikah', 1, 4000000, '2017-02-15 19:28:26', '2017-02-15 19:28:26'),
(5, 'TJ04', 2, 2, 'Menikah', 3, 3000000, '2017-02-15 19:29:03', '2017-02-15 19:29:03');

-- --------------------------------------------------------

--
-- Table structure for table `tunjangan_pegawais`
--

CREATE TABLE `tunjangan_pegawais` (
  `id` int(10) UNSIGNED NOT NULL,
  `Kode_tunjangan_id` int(10) UNSIGNED NOT NULL,
  `pegawai_id` int(10) UNSIGNED NOT NULL,
  `created_at` timestamp NULL DEFAULT NULL,
  `updated_at` timestamp NULL DEFAULT NULL
) ENGINE=InnoDB DEFAULT CHARSET=utf8mb4 COLLATE=utf8mb4_unicode_ci;

--
-- Dumping data for table `tunjangan_pegawais`
--

INSERT INTO `tunjangan_pegawais` (`id`, `Kode_tunjangan_id`, `pegawai_id`, `created_at`, `updated_at`) VALUES
(1, 5, 6, '2017-02-10 00:15:42', '2017-02-15 19:30:07');

-- --------------------------------------------------------

--
-- Table structure for table `users`
--

CREATE TABLE `users` (
  `id` int(10) UNSIGNED NOT NULL,
  `name` varchar(255) COLLATE utf8mb4_unicode_ci NOT NULL,
  `email` varchar(100) COLLATE utf8mb4_unicode_ci NOT NULL,
  `password` varchar(255) COLLATE utf8mb4_unicode_ci NOT NULL,
  `permission` varchar(255) COLLATE utf8mb4_unicode_ci NOT NULL,
  `remember_token` varchar(100) COLLATE utf8mb4_unicode_ci DEFAULT NULL,
  `created_at` timestamp NULL DEFAULT NULL,
  `updated_at` timestamp NULL DEFAULT NULL
) ENGINE=InnoDB DEFAULT CHARSET=utf8mb4 COLLATE=utf8mb4_unicode_ci;

--
-- Dumping data for table `users`
--

INSERT INTO `users` (`id`, `name`, `email`, `password`, `permission`, `remember_token`, `created_at`, `updated_at`) VALUES
(27, 'mumun', 'mumun@gmail.com', '$2y$10$xI7nshSAWcZ6jYv9SNgTRuuPTzp64PTLdkJplyFsNNOtutCM9bHlC', 'Admin', 'xenaullM32nEjeHbbPGduLaICFe2ldOaY7VTQL0DH0Bn6eNwwEYw7pGq31nU', '2017-02-08 20:45:56', '2017-02-08 20:45:56'),
(29, 'maman', 'maman@lucu.com', '$2y$10$8E4Cv9LfcW7q8S1wRC4fnuMB9zSPfJNAGBVx8zd.0Vl0mr.aICG9O', 'Admin', NULL, '2017-02-10 20:34:27', '2017-02-10 20:34:27'),
(30, 'rai raka rika', 'Rikaucul@gmail.com', '$2y$10$hlqC62IWaWA6q7fGy2uwU.UGRuvTOBf66zCChk0Cq0LKlG9iS0bUi', 'Admin', 'ZG29idcaxl0H2qa2oLsY2rbCvS6UuSrUOvXEZC3rkvUVbFfVHLEb63PFZSyz', '2017-02-10 20:37:02', '2017-02-10 20:37:02'),
(33, 'aci', 'aci@gmail.com', '$2y$10$GDnfhKOEM8gZQf4a3bZY/uB0dyhMRMoWgcCnrI2O0QsPyVNryMGtW', 'Admin', NULL, '2017-02-15 19:38:29', '2017-02-15 19:38:29'),
(34, 'Ica Cahyani', 'icacahyani9@gmail.com', '$2y$10$F6BSbzv8hXtBth0lM12pQe9o6kvlYL2Ih5da9rIsi6LvZFT6GhNMu', 'HRD', NULL, '2017-02-15 19:40:50', '2017-02-15 19:40:50'),
(40, 'yaya', 'yaya@gmail.com', '$2y$10$Gjkvy5IQW6GzxvYui4IF2enlVmg9pMS.do/rCJHiJVErciFRURO/S', 'Admin', NULL, '2017-02-18 21:31:37', '2017-02-18 21:31:37');

--
-- Indexes for dumped tables
--

--
-- Indexes for table `golongans`
--
ALTER TABLE `golongans`
  ADD PRIMARY KEY (`id`);

--
-- Indexes for table `jabatans`
--
ALTER TABLE `jabatans`
  ADD PRIMARY KEY (`id`);

--
-- Indexes for table `kategori_lemburs`
--
ALTER TABLE `kategori_lemburs`
  ADD PRIMARY KEY (`id`),
  ADD KEY `kategori_lemburs_jabatan_id_foreign` (`jabatan_id`),
  ADD KEY `kategori_lemburs_golongan_id_foreign` (`golongan_id`);

--
-- Indexes for table `lembur_pegawais`
--
ALTER TABLE `lembur_pegawais`
  ADD PRIMARY KEY (`id`),
  ADD KEY `lembur_pegawais_kode_lembur_id_foreign` (`Kode_lembur_id`),
  ADD KEY `lembur_pegawais_pegawai_id_foreign` (`pegawai_id`);

--
-- Indexes for table `migrations`
--
ALTER TABLE `migrations`
  ADD PRIMARY KEY (`id`);

--
-- Indexes for table `password_resets`
--
ALTER TABLE `password_resets`
  ADD KEY `password_resets_email_index` (`email`),
  ADD KEY `password_resets_token_index` (`token`);

--
-- Indexes for table `pegawais`
--
ALTER TABLE `pegawais`
  ADD PRIMARY KEY (`id`),
  ADD UNIQUE KEY `pegawais_nip_unique` (`Nip`),
  ADD KEY `pegawais_user_id_foreign` (`user_id`),
  ADD KEY `pegawais_jabatan_id_foreign` (`jabatan_id`),
  ADD KEY `pegawais_golongan_id_foreign` (`golongan_id`);

--
-- Indexes for table `penggajians`
--
ALTER TABLE `penggajians`
  ADD PRIMARY KEY (`id`),
  ADD KEY `penggajians_tunjangan_pegawai_id_foreign` (`tunjangan_pegawai_id`);

--
-- Indexes for table `tunjangans`
--
ALTER TABLE `tunjangans`
  ADD PRIMARY KEY (`id`),
  ADD KEY `tunjangans_jabatan_id_foreign` (`jabatan_id`),
  ADD KEY `tunjangans_golongan_id_foreign` (`golongan_id`);

--
-- Indexes for table `tunjangan_pegawais`
--
ALTER TABLE `tunjangan_pegawais`
  ADD PRIMARY KEY (`id`),
  ADD KEY `tunjangan_pegawais_kode_tunjangan_id_foreign` (`Kode_tunjangan_id`),
  ADD KEY `tunjangan_pegawais_pegawai_id_foreign` (`pegawai_id`);

--
-- Indexes for table `users`
--
ALTER TABLE `users`
  ADD PRIMARY KEY (`id`),
  ADD UNIQUE KEY `users_email_unique` (`email`);

--
-- AUTO_INCREMENT for dumped tables
--

--
-- AUTO_INCREMENT for table `golongans`
--
ALTER TABLE `golongans`
  MODIFY `id` int(10) UNSIGNED NOT NULL AUTO_INCREMENT, AUTO_INCREMENT=4;
--
-- AUTO_INCREMENT for table `jabatans`
--
ALTER TABLE `jabatans`
  MODIFY `id` int(10) UNSIGNED NOT NULL AUTO_INCREMENT, AUTO_INCREMENT=3;
--
-- AUTO_INCREMENT for table `kategori_lemburs`
--
ALTER TABLE `kategori_lemburs`
  MODIFY `id` int(10) UNSIGNED NOT NULL AUTO_INCREMENT, AUTO_INCREMENT=6;
--
-- AUTO_INCREMENT for table `lembur_pegawais`
--
ALTER TABLE `lembur_pegawais`
  MODIFY `id` int(10) UNSIGNED NOT NULL AUTO_INCREMENT, AUTO_INCREMENT=8;
--
-- AUTO_INCREMENT for table `migrations`
--
ALTER TABLE `migrations`
  MODIFY `id` int(10) UNSIGNED NOT NULL AUTO_INCREMENT, AUTO_INCREMENT=11;
--
-- AUTO_INCREMENT for table `pegawais`
--
ALTER TABLE `pegawais`
  MODIFY `id` int(10) UNSIGNED NOT NULL AUTO_INCREMENT, AUTO_INCREMENT=14;
--
-- AUTO_INCREMENT for table `penggajians`
--
ALTER TABLE `penggajians`
  MODIFY `id` int(10) UNSIGNED NOT NULL AUTO_INCREMENT;
--
-- AUTO_INCREMENT for table `tunjangans`
--
ALTER TABLE `tunjangans`
  MODIFY `id` int(10) UNSIGNED NOT NULL AUTO_INCREMENT, AUTO_INCREMENT=6;
--
-- AUTO_INCREMENT for table `tunjangan_pegawais`
--
ALTER TABLE `tunjangan_pegawais`
  MODIFY `id` int(10) UNSIGNED NOT NULL AUTO_INCREMENT, AUTO_INCREMENT=2;
--
-- AUTO_INCREMENT for table `users`
--
ALTER TABLE `users`
  MODIFY `id` int(10) UNSIGNED NOT NULL AUTO_INCREMENT, AUTO_INCREMENT=41;
--
-- Constraints for dumped tables
--

--
-- Constraints for table `kategori_lemburs`
--
ALTER TABLE `kategori_lemburs`
  ADD CONSTRAINT `kategori_lemburs_golongan_id_foreign` FOREIGN KEY (`golongan_id`) REFERENCES `golongans` (`id`) ON DELETE CASCADE ON UPDATE CASCADE,
  ADD CONSTRAINT `kategori_lemburs_jabatan_id_foreign` FOREIGN KEY (`jabatan_id`) REFERENCES `jabatans` (`id`) ON DELETE CASCADE ON UPDATE CASCADE;

--
-- Constraints for table `lembur_pegawais`
--
ALTER TABLE `lembur_pegawais`
  ADD CONSTRAINT `lembur_pegawais_kode_lembur_id_foreign` FOREIGN KEY (`Kode_lembur_id`) REFERENCES `kategori_lemburs` (`id`) ON DELETE CASCADE ON UPDATE CASCADE,
  ADD CONSTRAINT `lembur_pegawais_pegawai_id_foreign` FOREIGN KEY (`pegawai_id`) REFERENCES `pegawais` (`id`) ON DELETE CASCADE ON UPDATE CASCADE;

--
-- Constraints for table `pegawais`
--
ALTER TABLE `pegawais`
  ADD CONSTRAINT `pegawais_golongan_id_foreign` FOREIGN KEY (`golongan_id`) REFERENCES `golongans` (`id`) ON DELETE CASCADE ON UPDATE CASCADE,
  ADD CONSTRAINT `pegawais_jabatan_id_foreign` FOREIGN KEY (`jabatan_id`) REFERENCES `jabatans` (`id`) ON DELETE CASCADE ON UPDATE CASCADE,
  ADD CONSTRAINT `pegawais_user_id_foreign` FOREIGN KEY (`user_id`) REFERENCES `users` (`id`) ON DELETE CASCADE ON UPDATE CASCADE;

--
-- Constraints for table `penggajians`
--
ALTER TABLE `penggajians`
  ADD CONSTRAINT `penggajians_tunjangan_pegawai_id_foreign` FOREIGN KEY (`tunjangan_pegawai_id`) REFERENCES `tunjangan_pegawais` (`id`) ON DELETE CASCADE ON UPDATE CASCADE;

--
-- Constraints for table `tunjangans`
--
ALTER TABLE `tunjangans`
  ADD CONSTRAINT `tunjangans_golongan_id_foreign` FOREIGN KEY (`golongan_id`) REFERENCES `golongans` (`id`) ON DELETE CASCADE ON UPDATE CASCADE,
  ADD CONSTRAINT `tunjangans_jabatan_id_foreign` FOREIGN KEY (`jabatan_id`) REFERENCES `jabatans` (`id`) ON DELETE CASCADE ON UPDATE CASCADE;

--
-- Constraints for table `tunjangan_pegawais`
--
ALTER TABLE `tunjangan_pegawais`
  ADD CONSTRAINT `tunjangan_pegawais_kode_tunjangan_id_foreign` FOREIGN KEY (`Kode_tunjangan_id`) REFERENCES `tunjangans` (`id`) ON DELETE CASCADE ON UPDATE CASCADE,
  ADD CONSTRAINT `tunjangan_pegawais_pegawai_id_foreign` FOREIGN KEY (`pegawai_id`) REFERENCES `pegawais` (`id`) ON DELETE CASCADE ON UPDATE CASCADE;

/*!40101 SET CHARACTER_SET_CLIENT=@OLD_CHARACTER_SET_CLIENT */;
/*!40101 SET CHARACTER_SET_RESULTS=@OLD_CHARACTER_SET_RESULTS */;
/*!40101 SET COLLATION_CONNECTION=@OLD_COLLATION_CONNECTION */;
